GAME_ID,TEAM_1,TEAM_2,TEAM_1_STRATEGY,TEAM_2_STRATEGY,TEAM_1_PTS,TEAM_2_PTS,WINNER
12300001,MIN,DAL,3,3,111,99,MIN
12300002,DAL,MIN,3,4,96,104,MIN
12300003,LAL,GSW,3,3,108,125,GSW
12300004,CHI,MIL,3,4,102,105,MIL
12300006,BOS,PHI,2,1,114,106,BOS
12300007,MEM,IND,3,3,127,122,MEM
12300008,SAC,TOR,0,3,99,112,TOR
12300009,UTA,LAC,2,1,101,96,UTA
12300010,NYK,BOS,2,2,114,107,NYK
12300011,OKC,SAS,3,3,122,121,OKC
12300015,ATL,CLE,3,0,108,107,ATL
12300017,HOU,IND,1,3,122,103,HOU
12300018,MIL,MEM,3,3,102,108,MEM
12300019,ORL,NOP,3,3,122,105,ORL
12300020,UTA,LAC,3,1,98,103,LAC
12300023,BOS,PHI,2,0,112,101,BOS
12300024,SAC,LAL,0,3,101,109,LAL
12300026,ORL,CLE,3,0,108,105,ORL
12300027,OKC,DET,2,2,125,128,DET
12300028,MEM,ATL,0,3,102,103,ATL
12300030,DEN,CHI,3,3,124,133,CHI
12300031,NOP,HOU,0,0,87,120,HOU
12300033,MIA,SAS,2,0,104,120,SAS
12300034,LAL,GSW,3,3,125,129,GSW
12300035,NOP,ATL,0,3,105,110,ATL
12300036,NYK,MIN,2,0,112,121,MIN
12300037,POR,UTA,3,3,133,138,UTA
12300039,MEM,MIA,2,1,124,132,MIA
12300041,MIL,LAL,3,3,108,97,MIL
12300042,CHI,DEN,1,2,102,116,DEN
12300043,SAC,GSW,0,1,115,121,GSW
12300044,ATL,IND,1,0,112,116,IND
12300047,SAS,HOU,3,3,89,99,HOU
12300050,NOP,ORL,4,0,104,92,NOP
12300051,BOS,NYK,2,0,123,110,BOS
12300052,CHI,TOR,4,1,102,106,TOR
12300053,MIL,OKC,0,3,101,124,OKC
12300055,LAC,DEN,4,1,116,103,LAC
12300057,WAS,NYK,2,2,131,106,WAS
12300058,HOU,SAS,3,3,103,117,SAS
12300059,GSW,SAC,3,3,116,115,GSW
12300061,MIN,CHI,0,0,114,105,MIN
12300062,DET,OKC,3,3,118,116,DET
12300064,DEN,LAC,4,1,103,90,DEN
12300065,SAC,UTA,0,3,116,113,SAC
12300066,IND,CLE,3,3,109,104,IND
12300068,PHI,ATL,0,0,120,106,PHI
12300069,WAS,TOR,3,3,98,134,TOR
12300070,DAL,DET,0,4,114,104,DAL
12300071,MIA,HOU,3,1,104,110,HOU
12300072,MEM,MIL,3,0,116,124,MIL
12300073,SAS,GSW,3,0,122,117,SAS
22300001,IND,CLE,3,1,121,116,IND
22300002,NYK,MIL,2,2,105,110,MIL
22300003,MIA,WAS,4,4,121,114,MIA
22300005,GSW,OKC,3,3,141,139,GSW
22300006,DEN,DAL,4,0,125,114,DEN
22300007,POR,MEM,3,3,115,113,POR
22300008,PHI,DET,1,4,114,106,PHI
22300011,HOU,NOP,2,1,104,101,HOU
22300012,MEM,UTA,2,2,121,127,UTA
22300013,MIN,SAS,1,3,117,110,MIN
22300014,DAL,LAC,2,1,144,126,DAL
22300016,OKC,SAC,3,0,98,105,SAC
22300018,DET,ATL,4,1,120,126,ATL
22300019,PHI,IND,1,3,126,132,IND
22300021,SAS,OKC,4,3,87,123,OKC
22300022,NOP,DAL,3,3,131,110,NOP
22300023,POR,UTA,2,2,99,115,UTA
22300024,LAC,DEN,1,1,108,111,DEN
22300025,MIN,GSW,2,0,104,101,MIN
22300026,MEM,LAL,0,2,107,134,LAL
22300028,NYK,WAS,2,4,120,99,NYK
22300029,ATL,PHI,1,4,116,126,PHI
22300030,CLE,DET,1,2,108,100,CLE
22300031,TOR,BOS,4,0,105,108,BOS
22300032,SAC,SAS,0,3,129,120,SAC
22300033,CHI,ORL,1,2,97,103,ORL
22300034,NOP,DEN,4,4,115,110,NOP
22300036,LAL,POR,4,2,107,95,LAL
22300037,LAC,HOU,2,4,106,100,LAC
22300038,ORL,TOR,4,4,126,107,ORL
22300039,ATL,IND,3,3,152,157,IND
22300040,CLE,PHI,4,3,122,119,CLE
22300042,LAL,UTA,4,3,131,99,LAL
22300043,ORL,BOS,1,1,113,96,ORL
22300045,NYK,MIA,1,2,100,98,NYK
22300046,CHI,TOR,1,0,108,121,TOR
22300047,IND,DET,1,1,136,113,IND
22300048,HOU,DEN,4,1,105,86,HOU
22300049,WAS,MIL,3,1,128,131,MIL
22300050,SAC,MIN,1,3,124,111,SAC
22300051,GSW,SAS,0,3,118,112,GSW
22300052,NOP,LAC,1,4,116,106,NOP
22300053,BOS,CHI,0,4,124,97,BOS
22300055,ATL,CLE,3,3,105,128,CLE
22300056,MIL,MIA,2,4,131,124,MIL
22300058,OKC,MIN,1,2,103,106,MIN
22300059,DAL,HOU,1,4,121,115,DAL
22300060,GSW,SAC,2,3,123,124,SAC
22300061,LAL,DEN,1,4,107,119,DEN
22300064,IND,WAS,3,3,143,120,IND
22300065,BOS,NYK,2,2,108,104,BOS
22300066,HOU,ORL,2,2,86,116,ORL
22300068,MIA,DET,1,4,103,102,MIA
22300069,TOR,MIN,4,1,97,94,TOR
22300070,OKC,CHI,0,0,124,104,OKC
22300071,MEM,NOP,3,1,104,111,NOP
22300072,SAC,UTA,3,1,130,114,SAC
22300073,DAL,SAS,3,3,126,119,DAL
22300074,POR,LAC,1,4,111,123,LAC
22300075,PHI,MIL,2,1,117,118,MIL
22300078,DEN,MEM,3,1,108,104,DEN
22300079,ATL,NYK,3,3,120,126,NYK
22300080,MIA,BOS,1,2,111,119,BOS
22300081,OKC,CLE,1,3,108,105,OKC
22300082,TOR,CHI,3,3,103,104,CHI
22300083,SAS,HOU,3,3,126,122,SAS
22300085,UTA,LAC,2,2,120,118,UTA
22300086,POR,ORL,1,1,97,102,ORL
22300087,SAC,GSW,3,4,114,122,GSW
22300088,CHI,DET,1,4,102,118,DET
22300089,MEM,WAS,0,2,106,113,WAS
22300090,NYK,NOP,2,1,87,96,NOP
22300091,CLE,IND,4,4,113,125,IND
22300092,PHI,TOR,1,4,114,107,PHI
22300093,MIN,MIA,4,0,106,90,MIN
22300095,DEN,OKC,4,4,128,95,DEN
22300096,HOU,GSW,4,0,95,106,GSW
22300097,ATL,MIL,3,2,127,110,ATL
22300098,PHI,POR,1,1,126,98,PHI
22300099,LAC,SAS,3,3,123,83,LAC
22300100,LAL,SAC,3,3,127,132,SAC
22300102,IND,CHI,0,1,105,112,CHI
22300103,BOS,WAS,0,4,126,107,BOS
22300104,MIN,ATL,1,1,113,127,ATL
22300105,POR,TOR,2,1,99,91,POR
22300106,MEM,DAL,2,2,110,125,DAL
22300107,MIA,MIL,4,3,114,122,MIL
22300108,GSW,NOP,2,2,130,102,GSW
22300109,DET,OKC,4,1,112,124,OKC
22300110,UTA,DEN,4,4,102,110,DEN
22300111,ORL,LAL,4,4,103,106,LAL
22300112,CLE,NYK,2,2,91,109,NYK
22300114,ORL,LAC,3,3,102,118,LAC
22300115,DET,POR,3,1,101,110,POR
22300116,TOR,MIL,0,2,130,111,TOR
22300117,ATL,WAS,3,3,130,121,ATL
22300118,BOS,IND,1,3,155,104,BOS
22300120,CLE,NYK,2,1,95,89,CLE
22300121,OKC,NOP,3,2,106,110,NOP
22300123,MIN,DEN,1,4,110,89,MIN
22300124,CHI,DAL,1,2,105,114,DAL
22300125,UTA,MEM,3,3,133,109,UTA
22300126,SAC,GSW,2,4,101,102,GSW
22300127,LAL,LAC,3,3,130,125,LAL
22300128,PHI,TOR,1,4,114,99,PHI
22300129,DET,NOP,4,2,116,125,NOP
22300130,UTA,ORL,3,3,113,115,ORL
22300134,LAL,ORL,1,4,101,120,ORL
22300135,NOP,ATL,2,2,105,123,ATL
22300137,HOU,SAC,0,2,107,89,HOU
22300138,UTA,MIN,2,1,95,123,MIN
22300139,CHI,DEN,4,0,101,123,DEN
22300141,SAS,TOR,3,3,116,123,TOR
22300142,CLE,GSW,2,0,115,104,CLE
22300144,MEM,POR,4,2,112,100,MEM
22300145,DET,GSW,2,2,109,120,GSW
22300146,SAS,IND,1,3,111,152,IND
22300147,DAL,ORL,2,4,117,102,DAL
22300148,PHI,WAS,3,3,146,128,PHI
22300150,LAL,MIA,4,0,107,108,MIA
22300151,NYK,LAC,4,2,111,97,NYK
22300152,CHI,UTA,1,0,130,113,CHI
22300153,SAC,HOU,2,2,97,122,HOU
22300154,BOS,MIN,3,3,109,114,MIN
22300155,ATL,OKC,3,3,117,126,OKC
22300156,NOP,DEN,1,4,116,134,DEN
22300158,UTA,IND,1,3,118,134,IND
22300159,BOS,PHI,0,1,103,106,PHI
22300161,NYK,SAS,2,4,126,105,NYK
22300163,HOU,LAL,1,1,128,94,HOU
22300164,MIA,MEM,1,2,108,102,MIA
22300165,DET,MIL,3,3,118,120,MIL
22300166,MIN,NOP,0,3,122,101,MIN
22300167,OKC,CLE,1,3,128,120,OKC
22300168,DAL,TOR,3,3,116,127,TOR
22300169,GSW,DEN,2,2,105,108,DEN
22300170,SAC,POR,3,3,121,118,SAC
22300171,IND,MIL,2,1,126,124,IND
22300172,ATL,ORL,3,1,120,119,ATL
22300173,ORL,MIL,1,4,112,97,ORL
22300174,TOR,BOS,4,0,94,117,BOS
22300175,ATL,MIA,2,2,109,117,MIA
22300176,CLE,GSW,1,3,118,110,CLE
22300179,MEM,LAC,0,4,105,101,MEM
22300180,IND,PHI,0,1,126,137,PHI
22300181,CHI,DET,1,4,119,108,CHI
22300182,DEN,HOU,1,1,104,107,HOU
22300183,DAL,NOP,3,3,136,124,DAL
22300184,SAS,MIA,0,1,113,118,MIA
22300186,GSW,MIN,2,1,110,116,MIN
22300187,POR,LAL,4,1,110,116,LAL
22300188,NYK,BOS,2,0,98,114,BOS
22300189,TOR,WAS,4,4,111,107,TOR
22300190,CHI,MIL,2,2,109,118,MIL
22300191,CLE,SAC,2,0,120,132,SAC
22300192,WAS,DAL,2,3,117,130,DAL
22300193,ATL,NYK,2,4,114,116,NYK
22300194,BOS,PHI,2,1,117,107,BOS
22300195,TOR,MIL,4,2,112,128,MIL
22300196,ORL,CHI,1,2,96,94,ORL
22300198,SAC,LAL,3,3,125,110,SAC
22300199,CLE,POR,2,0,109,95,CLE
22300201,GSW,OKC,0,4,109,128,OKC
22300203,NOP,MIN,1,4,120,121,MIN
22300204,CHI,MIA,0,0,102,97,CHI
22300205,DAL,MIL,3,2,125,132,MIL
22300206,SAS,MEM,0,1,108,120,MEM
22300207,GSW,OKC,3,1,123,130,OKC
22300209,ORL,IND,1,3,128,116,ORL
22300210,DEN,CLE,1,4,109,121,CLE
22300211,TOR,DET,4,3,142,113,TOR
22300212,SAC,DAL,0,2,129,113,SAC
22300213,BOS,MEM,2,0,102,100,BOS
22300215,OKC,POR,2,2,134,91,OKC
22300216,LAL,HOU,4,0,105,104,LAL
22300218,DEN,DET,4,1,107,103,DEN
22300219,MIL,WAS,1,1,142,129,MIL
22300220,MIA,CHI,0,2,118,100,MIA
22300221,MIN,NYK,0,2,117,100,MIN
22300222,NOP,SAC,4,0,129,93,NOP
22300223,SAS,LAC,2,4,99,124,LAC
22300224,GSW,HOU,2,2,121,116,GSW
22300226,ORL,DEN,1,4,124,119,ORL
22300228,MIL,BOS,1,0,116,119,BOS
22300229,MIA,CLE,2,4,129,96,MIA
22300230,IND,TOR,3,1,131,132,TOR
22300231,HOU,MEM,2,2,111,91,HOU
22300232,PHI,MIN,1,4,99,112,MIN
22300233,SAC,NOP,2,1,112,117,NOP
22300234,OKC,CHI,2,2,116,102,OKC
22300235,SAS,LAC,3,4,102,109,LAC
22300237,POR,UTA,0,4,121,105,POR
22300238,LAL,DAL,4,2,101,104,DAL
22300239,PHI,OKC,0,2,127,123,PHI
22300241,WAS,ATL,0,1,108,136,ATL
22300242,CLE,LAL,4,4,115,121,LAL
22300243,UTA,NOP,2,4,105,100,UTA
22300244,DAL,LAC,2,1,88,107,LAC
22300245,POR,MIL,1,2,102,108,MIL
22300246,ATL,BOS,2,2,103,113,BOS
22300249,MIN,MEM,0,0,119,97,MIN
22300251,CLE,TOR,4,1,105,102,CLE
22300252,DEN,SAS,4,3,132,120,DEN
22300253,DET,WAS,3,3,107,126,WAS
22300254,IND,POR,3,1,110,114,POR
22300255,LAL,PHI,4,0,94,138,PHI
22300256,NOP,UTA,1,0,112,114,UTA
22300257,DEN,LAC,4,1,113,104,DEN
22300258,DET,LAL,3,3,107,133,LAL
22300259,WAS,ORL,3,4,120,139,ORL
22300261,MEM,UTA,0,0,105,91,MEM
22300262,PHI,NOP,0,4,114,124,NOP
22300263,HOU,DEN,2,0,124,134,DEN
22300264,LAC,SAC,1,2,131,117,LAC
22300265,POR,CLE,0,4,103,95,POR
22300267,IND,MIA,3,1,132,142,MIA
22300268,NYK,DET,2,2,118,112,NYK
22300269,CHI,MIL,3,3,120,113,CHI
22300270,UTA,MIN,4,4,90,101,MIN
22300271,OKC,LAL,2,2,133,110,OKC
22300272,ATL,SAS,3,3,137,135,ATL
22300273,GSW,LAC,0,1,120,114,GSW
22300274,WAS,ORL,1,4,125,130,ORL
22300275,PHI,BOS,1,2,119,125,BOS
22300276,NYK,TOR,4,4,119,106,NYK
22300277,MEM,DAL,4,0,108,94,MEM
22300278,SAS,NOP,0,1,106,121,NOP
22300280,GSW,LAC,0,0,112,113,LAC
22300283,DET,CLE,4,1,101,110,CLE
22300284,IND,MIA,4,1,144,129,IND
22300285,CHI,NOP,0,1,124,118,CHI
22300286,MIL,ATL,4,3,132,121,MIL
22300287,OKC,DAL,3,0,126,120,OKC
22300289,POR,UTA,2,3,113,118,UTA
22300290,DEN,SAC,4,4,117,123,SAC
22300291,LAL,HOU,1,4,107,97,LAL
22300293,DET,IND,1,3,123,131,IND
22300294,ORL,CLE,1,2,104,94,ORL
22300295,PHI,WAS,3,3,146,101,PHI
22300296,DEN,ATL,1,2,129,122,DEN
22300297,NYK,TOR,4,4,136,130,NYK
22300298,SAS,HOU,0,2,82,93,HOU
22300299,MEM,DAL,0,2,113,120,DAL
22300300,CHI,MIL,3,3,129,133,MIL
22300301,NOP,MIN,1,4,121,107,NOP
22300302,UTA,OKC,3,3,120,134,OKC
22300304,POR,LAC,2,4,127,132,LAC
22300305,CLE,BOS,0,2,113,120,BOS
22300306,LAL,DAL,4,2,125,127,DAL
22300307,CHI,DEN,0,4,106,114,DEN
22300309,SAC,LAC,0,1,99,119,LAC
22300310,DET,PHI,3,1,111,129,PHI
22300311,WAS,NOP,0,3,122,142,NOP
22300313,ATL,TOR,4,4,128,135,TOR
22300314,MEM,HOU,0,3,104,117,HOU
22300315,MIL,IND,3,3,140,126,MIL
22300316,SAS,LAL,3,3,119,122,LAL
22300318,UTA,NYK,3,2,117,113,UTA
22300319,CLE,BOS,2,2,107,116,BOS
22300320,CHI,MIA,4,2,124,116,CHI
22300321,DAL,MIN,1,4,101,119,MIN
22300323,POR,UTA,0,1,114,122,UTA
22300324,SAC,OKC,3,3,128,123,SAC
22300325,GSW,LAC,2,2,113,121,LAC
22300327,DET,PHI,1,3,92,124,PHI
22300328,WAS,IND,3,3,137,123,WAS
22300329,ORL,BOS,3,0,111,128,BOS
22300330,ATL,TOR,4,4,125,104,ATL
22300331,SAS,LAL,0,4,129,115,SAS
22300332,HOU,MEM,1,2,103,96,HOU
22300334,DET,MIL,1,3,114,146,MIL
22300336,ATL,CLE,2,0,119,127,CLE
22300337,CHI,MIA,2,2,116,118,MIA
22300338,IND,MIN,1,4,109,127,MIN
22300340,DEN,OKC,4,1,117,118,OKC
22300341,POR,DAL,1,3,120,131,DAL
22300342,SAC,UTA,0,0,125,104,SAC
22300343,LAC,NYK,4,1,144,122,LAC
22300344,BOS,ORL,1,2,114,97,BOS
22300345,NOP,SAS,3,3,146,110,NOP
22300346,HOU,MIL,1,2,119,128,MIL
22300348,POR,GSW,2,0,114,118,GSW
22300349,CLE,HOU,3,3,135,130,CLE
22300350,LAC,IND,1,4,151,127,LAC
22300351,CHI,PHI,1,1,108,104,CHI
22300352,ATL,DET,2,1,130,124,ATL
22300353,MIA,MIN,4,4,108,112,MIN
22300355,MEM,OKC,0,4,97,116,OKC
22300356,DAL,DEN,2,1,104,130,DEN
22300358,WAS,SAC,2,3,131,143,SAC
22300359,NYK,LAL,1,3,114,109,NYK
22300360,NOP,MEM,1,1,113,115,MEM
22300361,MIL,SAS,3,3,132,119,MIL
22300362,GSW,BOS,3,3,132,126,GSW
22300364,UTA,CLE,1,0,116,124,CLE
22300366,MIA,ORL,1,4,115,106,MIA
22300367,MIN,PHI,1,1,113,127,PHI
22300369,DEN,TOR,4,4,113,104,DEN
22300370,CHI,LAL,1,3,124,108,CHI
22300371,HOU,ATL,1,2,127,134,ATL
22300372,DAL,LAC,2,2,111,120,LAC
22300373,SAC,BOS,0,0,119,144,BOS
22300374,DET,UTA,1,1,111,119,UTA
22300375,CLE,NOP,0,4,104,123,NOP
22300376,CHI,SAS,1,4,114,95,CHI
22300377,MEM,IND,3,0,116,103,MEM
22300378,ORL,MIL,1,3,114,118,MIL
22300379,OKC,LAC,4,2,134,115,OKC
22300380,LAL,MIN,1,4,111,118,MIN
22300381,POR,WAS,1,1,117,118,WAS
22300382,TOR,PHI,4,4,111,121,PHI
22300384,ATL,MIA,0,2,113,122,MIA
22300385,DAL,HOU,3,3,96,122,HOU
22300386,WAS,GSW,3,0,118,129,GSW
22300388,NYK,MIL,1,1,111,130,MIL
22300389,LAC,BOS,2,0,108,145,BOS
22300391,IND,ORL,2,1,110,117,ORL
22300392,HOU,NOP,1,1,106,104,HOU
22300393,ATL,MEM,0,1,119,125,MEM
22300395,UTA,TOR,0,4,126,119,UTA
22300396,CHI,CLE,2,0,95,109,CLE
22300397,OKC,LAL,2,4,120,129,LAL
22300398,DAL,SAS,3,3,144,119,DAL
22300399,POR,GSW,0,4,106,126,GSW
22300400,SAC,MIN,2,4,98,110,MIN
22300401,MIL,NYK,2,1,122,129,NYK
22300402,DEN,GSW,2,2,120,114,DEN
22300403,LAL,BOS,1,0,115,126,BOS
22300404,PHI,MIA,3,1,113,119,MIA
22300407,ORL,WAS,3,3,127,119,ORL
22300408,CHI,ATL,1,2,118,113,CHI
22300409,HOU,IND,1,0,117,123,IND
22300410,NOP,MEM,3,3,115,116,MEM
22300411,OKC,MIN,0,1,129,106,OKC
22300412,UTA,SAS,0,4,130,118,UTA
22300413,POR,SAC,2,2,130,113,POR
22300415,ORL,PHI,2,1,92,112,PHI
22300416,WAS,TOR,4,4,102,132,TOR
22300419,NYK,OKC,3,1,120,129,OKC
22300420,DAL,CLE,2,0,110,113,CLE
22300421,DET,BOS,3,3,122,128,BOS
22300422,IND,CHI,0,1,120,104,IND
22300423,MIN,DAL,2,4,118,110,MIN
22300424,UTA,NOP,0,4,105,112,NOP
22300425,DEN,MEM,0,2,142,105,DEN
22300426,MIA,GSW,1,4,114,102,MIA
22300427,POR,SAS,1,0,105,118,SAS
22300429,ORL,NYK,3,3,117,108,ORL
22300431,ATL,SAC,0,0,110,117,SAC
22300432,TOR,BOS,0,0,118,120,BOS
22300433,MIL,CLE,1,3,119,111,MIL
22300434,PHI,HOU,1,4,131,127,PHI
22300435,DEN,OKC,0,4,93,119,OKC
22300437,SAS,POR,3,1,128,134,POR
22300438,MEM,LAC,0,0,106,117,LAC
22300439,MIA,UTA,1,3,109,117,UTA
22300440,DET,TOR,1,1,129,127,DET
22300441,IND,NYK,0,1,140,126,IND
22300442,CHI,PHI,1,0,105,92,CHI
22300443,LAL,MIN,1,2,106,108,MIN
22300444,DAL,GSW,2,0,132,122,DAL
22300445,ATL,WAS,3,0,130,126,ATL
22300446,NOP,LAL,4,4,129,109,NOP
22300448,BOS,SAS,2,0,134,101,BOS
22300449,SAC,MEM,1,2,123,92,SAC
22300451,NYK,MIN,2,1,112,106,NYK
22300452,TOR,CLE,1,2,124,121,TOR
22300453,HOU,DET,3,4,136,113,HOU
22300454,IND,MIL,1,3,122,113,IND
22300457,DAL,UTA,0,0,90,127,UTA
22300458,MIA,LAC,2,1,104,121,LAC
22300459,PHI,CHI,4,1,110,97,PHI
22300460,MEM,SAS,2,1,106,98,MEM
22300462,BOS,OKC,0,0,123,127,OKC
22300463,ORL,GSW,1,2,115,121,GSW
22300465,WAS,CLE,1,0,101,140,CLE
22300466,MIL,IND,3,3,130,142,IND
22300467,ATL,OKC,3,3,141,138,ATL
22300468,CHI,NYK,4,0,100,116,NYK
22300470,MEM,TOR,2,1,111,116,TOR
22300471,MIN,NOP,4,4,106,117,NOP
22300472,DAL,POR,1,3,126,97,DAL
22300474,UTA,DET,3,3,154,148,UTA
22300475,LAL,MIA,4,0,96,110,MIA
22300476,ORL,SAC,3,3,135,138,SAC
22300477,SAS,MIL,0,3,121,125,MIL
22300478,DEN,GSW,1,4,130,127,DEN
22300479,UTA,BOS,3,3,97,126,BOS
22300480,IND,ATL,4,3,150,116,IND
22300482,CLE,WAS,0,1,114,90,CLE
22300483,NYK,PHI,2,1,128,92,NYK
22300485,HOU,MIN,1,4,95,122,MIN
22300486,NOP,LAC,1,0,95,111,LAC
22300487,DAL,POR,3,3,139,103,DAL
22300488,DEN,ORL,3,2,120,122,ORL
22300490,GSW,DET,2,2,113,109,GSW
22300491,MEM,LAL,0,1,127,113,MEM
22300492,TOR,SAC,3,3,130,135,SAC
22300493,BOS,IND,2,2,118,101,BOS
22300494,NYK,WAS,2,0,121,105,NYK
22300495,UTA,PHI,4,4,120,109,UTA
22300496,MIL,HOU,2,2,108,112,HOU
22300497,SAS,CLE,2,0,115,117,CLE
22300499,ATL,ORL,1,3,110,117,ORL
22300500,SAC,NOP,0,0,100,133,NOP
22300501,MIN,DAL,2,2,108,115,DAL
22300502,DET,DEN,4,4,114,131,DEN
22300504,GSW,TOR,0,4,118,133,TOR
22300505,LAL,LAC,1,2,106,103,LAL
22300507,IND,BOS,3,3,133,131,IND
22300508,WAS,OKC,4,4,128,136,OKC
22300509,HOU,MIA,2,0,113,120,MIA
22300510,UTA,MIL,0,4,132,116,UTA
22300512,SAC,DET,4,0,131,110,SAC
22300513,MIN,ORL,4,2,113,92,MIN
22300514,POR,NYK,1,0,84,112,NYK
22300515,MEM,DAL,2,1,120,103,MEM
22300516,TOR,LAL,3,3,131,132,LAL
22300517,MIN,BOS,1,2,120,127,BOS
22300519,SAS,DET,4,4,130,108,SAS
22300520,IND,WAS,4,1,112,104,IND
22300521,ATL,PHI,3,3,139,132,ATL
22300522,OKC,MIA,4,2,128,120,OKC
22300523,HOU,CHI,3,3,119,124,CHI
22300524,DEN,UTA,2,4,111,124,UTA
22300525,NOP,GSW,0,2,141,105,NOP
22300526,TOR,LAC,4,4,120,126,LAC
22300528,MIL,BOS,0,3,135,102,MIL
22300529,OKC,POR,4,2,139,77,OKC
22300530,NYK,DAL,2,2,124,128,DAL
22300532,PHI,SAC,1,2,112,93,PHI
22300533,IND,ATL,4,1,126,108,IND
22300534,HOU,DET,1,4,112,110,HOU
22300535,ORL,MIA,0,1,96,99,MIA
22300536,CHI,GSW,0,0,131,140,GSW
22300537,MEM,LAC,0,1,119,128,LAC
22300538,POR,MIN,1,4,93,116,MIN
22300539,NOP,DEN,4,4,113,125,DEN
22300540,UTA,TOR,0,2,145,113,UTA
22300542,HOU,BOS,1,3,113,145,BOS
22300543,WAS,ATL,3,3,127,99,WAS
22300544,NYK,MEM,0,0,106,94,NYK
22300545,MIL,GSW,4,1,129,118,MIL
22300546,OKC,ORL,1,2,112,100,OKC
22300547,NOP,DAL,4,2,118,108,NOP
22300548,SAS,CHI,2,4,116,122,CHI
22300549,UTA,LAL,3,3,132,125,UTA
22300550,DEN,IND,4,4,117,109,DEN
22300552,MIL,SAC,3,3,143,142,MIL
22300553,MIN,LAC,2,0,109,105,MIN
22300555,HOU,PHI,1,1,115,124,PHI
22300556,NOP,DAL,1,2,120,125,DAL
22300557,ORL,NYK,4,2,98,94,ORL
22300558,WAS,DET,0,1,117,129,DET
22300559,SAS,ATL,3,3,99,109,ATL
22300560,GSW,MEM,4,0,107,116,MEM
22300561,CHI,CLE,4,0,91,109,CLE
22300563,TOR,BOS,4,2,96,105,BOS
22300564,UTA,IND,1,4,132,105,UTA
22300565,LAL,OKC,4,2,112,105,LAL
22300566,DEN,PHI,1,2,121,126,PHI
22300568,LAC,OKC,0,4,128,117,LAC
22300569,DET,MIN,4,4,117,124,MIN
22300570,ORL,ATL,2,1,104,106,ATL
22300571,BOS,SAS,2,4,117,98,BOS
22300572,CLE,MIL,4,2,135,95,CLE
22300573,NYK,HOU,2,4,109,94,NYK
22300574,TOR,MIA,0,4,121,97,TOR
22300576,UTA,GSW,0,0,137,140,GSW
22300577,LAL,DAL,4,0,127,110,LAL
22300579,NYK,WAS,3,4,113,109,NYK
22300580,TOR,CHI,0,4,110,116,CHI
22300581,UTA,OKC,3,4,129,134,OKC
22300582,MIN,MEM,4,2,118,103,MIN
22300583,SAC,IND,2,4,121,126,IND
22300585,ORL,PHI,1,1,109,124,PHI
22300586,BOS,DEN,2,2,100,102,DEN
22300587,ATL,MIA,2,2,109,108,ATL
22300589,DAL,GSW,0,4,100,104,GSW
22300590,POR,IND,1,0,118,115,POR
22300592,MIL,DET,3,3,141,135,MIL
22300594,WAS,SAS,3,4,127,131,SAS
22300595,CLE,ATL,0,4,116,95,CLE
22300596,TOR,NYK,4,2,100,126,NYK
22300597,MEM,CHI,0,4,96,125,CHI
22300598,HOU,UTA,3,3,127,126,HOU
22300599,MIN,OKC,2,1,97,102,OKC
22300601,MIA,ORL,0,1,87,105,ORL
22300602,DEN,WAS,4,4,113,104,DEN
22300603,BOS,HOU,0,3,116,107,BOS
22300605,POR,LAL,1,1,110,134,LAL
22300606,MIL,DET,3,3,122,113,MIL
22300607,CLE,ORL,2,4,126,99,CLE
22300608,SAS,PHI,2,1,123,133,PHI
22300609,TOR,MEM,4,4,100,108,MEM
22300611,DAL,BOS,2,2,110,119,BOS
22300613,SAC,ATL,2,2,122,107,SAC
22300614,DEN,IND,2,1,114,109,DEN
22300616,UTA,NOP,3,3,124,153,NOP
22300617,OKC,POR,1,0,111,109,OKC
22300618,LAC,LAL,4,1,127,116,LAC
22300620,MIN,WAS,1,4,118,107,MIN
22300621,MEM,MIA,0,2,105,96,MEM
22300622,OKC,SAS,0,4,140,114,OKC
22300623,HOU,POR,3,3,131,137,POR
22300624,MIL,CLE,1,3,126,116,MIL
22300626,GSW,ATL,1,0,134,112,GSW
22300627,IND,PHI,3,3,134,122,IND
22300628,UTA,WAS,4,4,123,108,UTA
22300630,MIA,BOS,2,0,110,143,BOS
22300631,NYK,DEN,2,4,122,84,NYK
22300632,SAC,GSW,0,2,134,133,SAC
22300633,CHI,LAL,3,4,132,141,LAL
22300634,ATL,DAL,3,3,143,148,DAL
22300637,TOR,LAC,4,1,107,127,LAC
22300638,MEM,ORL,0,2,107,106,MEM
22300639,CLE,MIL,1,3,112,100,CLE
22300640,NOP,OKC,0,1,83,107,OKC
22300641,POR,SAS,3,4,100,116,SAS
22300642,WAS,DET,1,1,118,104,WAS
22300643,NYK,MIA,2,2,125,109,NYK
22300644,DEN,PHI,2,1,111,105,DEN
22300646,LAC,BOS,4,2,115,96,LAC
22300648,MIL,NOP,2,1,141,117,MIL
22300649,SAS,MIN,4,4,113,112,SAS
22300650,GSW,LAL,3,3,144,145,LAL
22300651,SAC,DAL,1,0,120,115,SAC
22300652,MEM,IND,1,4,110,116,IND
22300653,ATL,TOR,1,1,126,125,ATL
22300654,DET,OKC,1,1,120,104,DET
22300656,POR,CHI,2,4,96,104,CHI
22300658,CLE,LAC,0,0,118,108,CLE
22300659,NOP,BOS,1,0,112,118,BOS
22300662,HOU,LAL,3,3,135,119,HOU
22300663,SAC,MEM,2,2,103,94,SAC
22300664,MIN,OKC,1,2,107,101,MIN
22300665,WAS,SAS,4,4,118,113,WAS
22300666,ORL,DAL,2,2,129,131,DAL
22300667,DEN,MIL,4,2,113,107,DEN
22300668,POR,PHI,1,1,130,104,POR
22300669,ATL,LAL,3,3,138,122,ATL
22300670,IND,BOS,4,2,124,129,BOS
22300671,UTA,NYK,2,4,103,118,NYK
22300672,CHI,TOR,2,4,107,118,TOR
22300673,PHI,GSW,1,4,107,119,GSW
22300675,CLE,DET,2,2,128,121,CLE
22300676,WAS,LAC,1,1,109,125,LAC
22300678,MIA,SAC,4,0,115,106,MIA
22300679,NOP,HOU,2,2,110,99,NOP
22300680,MIN,DAL,4,2,121,87,MIN
22300681,SAS,ORL,4,4,98,108,ORL
22300682,OKC,DEN,1,2,105,100,OKC
22300683,MIL,POR,0,1,116,119,POR
22300684,LAL,BOS,4,0,114,105,LAL
22300685,NYK,IND,1,1,109,105,NYK
22300686,PHI,UTA,1,0,127,124,PHI
22300687,CLE,MEM,2,0,108,101,CLE
22300688,LAC,DET,1,2,136,125,LAC
22300689,MIA,WAS,1,0,110,102,MIA
22300691,IND,SAC,3,3,122,133,SAC
22300692,TOR,HOU,1,3,106,135,HOU
22300693,MEM,GSW,0,4,101,121,GSW
22300694,MIN,ORL,2,1,106,108,ORL
22300696,SAS,NOP,4,4,113,114,NOP
22300697,DEN,POR,4,1,120,108,DEN
22300699,GSW,ATL,3,3,134,141,ATL
22300700,SAC,CHI,3,3,123,115,SAC
22300701,NYK,LAL,1,4,105,113,LAL
22300702,DAL,MIL,2,4,117,129,MIL
22300703,SAS,CLE,3,0,101,117,CLE
22300704,ORL,DET,1,2,111,99,ORL
22300706,BOS,MEM,0,2,131,91,BOS
22300708,LAC,MIA,2,4,103,95,LAC
22300709,MIN,HOU,1,1,111,90,MIN
22300710,TOR,OKC,4,0,127,135,OKC
22300711,UTA,MIL,0,0,123,108,UTA
22300712,POR,DEN,4,4,103,112,DEN
22300714,CLE,SAC,0,0,136,110,CLE
22300715,DAL,PHI,0,1,118,102,DAL
22300716,LAC,ATL,2,3,149,144,LAC
22300718,NOP,TOR,0,4,138,100,NOP
22300719,IND,HOU,4,1,132,129,IND
22300721,ORL,MIA,0,0,95,121,MIA
22300722,NYK,MEM,1,0,123,113,NYK
22300723,CHI,MIN,1,3,129,123,CHI
22300724,UTA,OKC,2,2,124,117,UTA
22300727,GSW,PHI,3,1,127,104,GSW
22300728,WAS,CLE,0,3,106,114,CLE
22300729,BOS,ATL,0,3,125,117,BOS
22300730,SAS,MIA,4,0,104,116,MIA
22300731,NOP,LAC,4,2,117,106,NOP
22300732,SAC,DET,0,4,120,133,DET
22300733,IND,GSW,4,4,109,131,GSW
22300734,SAS,ORL,0,4,111,127,ORL
22300736,NYK,DAL,4,0,108,122,DAL
22300737,CHI,MEM,1,0,118,110,CHI
22300738,MIL,MIN,4,0,105,129,MIN
22300740,DEN,LAL,4,4,114,106,DEN
22300741,DET,POR,1,3,128,122,DET
22300742,ATL,PHI,0,2,127,121,ATL
22300743,WAS,BOS,3,3,129,133,BOS
22300744,TOR,HOU,1,2,107,104,TOR
22300746,DEN,SAC,3,3,106,135,SAC
22300747,LAL,NOP,3,1,139,122,LAL
22300748,DAL,OKC,3,3,146,111,DAL
22300749,LAC,DET,2,4,112,106,LAC
22300752,CHI,ORL,2,2,108,114,ORL
22300753,WAS,PHI,4,1,113,119,PHI
22300754,ATL,HOU,3,3,122,113,ATL
22300755,IND,NYK,4,1,125,111,IND
22300756,CLE,TOR,0,4,119,95,CLE
22300758,POR,NOP,1,4,84,93,NOP
22300759,MIA,BOS,2,0,106,110,BOS
22300760,SAC,OKC,0,4,113,127,OKC
22300762,CLE,PHI,4,1,121,123,PHI
22300763,ATL,CHI,0,1,126,136,CHI
22300764,SAS,TOR,4,3,122,99,SAS
22300765,HOU,NYK,1,2,105,103,HOU
22300766,NOP,MEM,2,0,96,87,NOP
22300767,MIL,DEN,4,0,112,95,MIL
22300768,DAL,WAS,3,3,112,104,DAL
22300769,GSW,UTA,3,3,129,107,GSW
22300770,LAC,MIN,1,4,100,121,MIN
22300772,ORL,OKC,4,1,113,127,OKC
22300773,MIL,MIA,0,0,97,123,MIA
22300775,POR,MIN,4,2,109,121,MIN
22300776,DET,LAL,4,3,111,125,LAL
22300778,NYK,ORL,1,2,100,118,ORL
22300779,PHI,MIA,4,4,104,109,MIA
22300781,CHI,CLE,2,0,105,108,CLE
22300782,TOR,IND,3,3,125,127,IND
22300783,MEM,HOU,2,1,121,113,MEM
22300784,WAS,NOP,0,4,126,133,NOP
22300785,SAS,DAL,4,4,93,116,DAL
22300786,SAC,DEN,1,4,102,98,SAC
22300788,UTA,LAL,3,4,122,138,LAL
22300789,GSW,LAC,0,3,125,130,LAC
22300790,MEM,MIL,4,2,113,110,MEM
22300791,MIN,POR,1,1,128,91,MIN
22300792,CLE,ORL,4,1,109,116,ORL
22300793,DET,IND,3,4,115,129,IND
22300794,PHI,NYK,4,2,96,110,NYK
22300797,CHI,BOS,4,2,112,129,BOS
22300798,NOP,HOU,3,0,127,105,NOP
22300799,OKC,LAC,1,4,129,107,OKC
22300800,WAS,DEN,3,4,110,130,DEN
22300802,GSW,LAL,3,4,128,110,GSW
22300803,SAS,SAC,4,1,122,127,SAC
22300804,TOR,ATL,4,3,123,121,TOR
22300805,CLE,PHI,4,1,97,104,PHI
22300807,MEM,LAC,4,2,95,101,LAC
22300808,MIL,MIN,2,1,112,107,MIL
22300809,OKC,WAS,3,3,147,106,OKC
22300810,NOP,MIA,1,1,95,106,MIA
22300812,POR,DEN,1,4,112,127,DEN
22300813,LAL,SAS,1,4,123,118,LAL
22300814,ORL,DET,1,4,112,109,ORL
22300816,NYK,BOS,2,2,102,116,BOS
22300817,PHI,MIL,0,0,98,119,MIL
22300819,DAL,IND,1,4,111,133,IND
22300820,CLE,WAS,4,0,114,105,CLE
22300821,ATL,ORL,4,0,109,92,ATL
22300822,OKC,HOU,4,3,123,110,OKC
22300823,CHI,NOP,0,0,114,106,CHI
22300824,DEN,GSW,4,0,119,103,DEN
22300825,UTA,SAS,3,4,128,109,UTA
22300827,LAC,SAC,1,2,107,123,SAC
22300828,DET,NYK,2,0,111,113,NYK
22300829,IND,TOR,3,4,122,130,TOR
22300831,MIA,SAC,1,4,121,110,MIA
22300832,CLE,DAL,0,1,121,119,CLE
22300834,WAS,GSW,4,0,112,123,GSW
22300835,UTA,ATL,3,1,97,124,ATL
22300836,PHI,BOS,2,1,99,117,BOS
22300837,NYK,NOP,0,2,92,115,NOP
22300838,SAS,MIN,0,4,105,114,MIN
22300839,DET,CHI,2,1,105,95,DET
22300841,OKC,HOU,1,3,112,95,OKC
22300842,MIA,POR,4,4,106,96,MIA
22300843,NOP,IND,1,4,114,123,IND
22300844,TOR,DAL,3,3,125,136,DAL
22300845,MEM,MIN,2,0,101,110,MIN
22300846,CHI,CLE,3,3,132,123,CHI
22300847,DEN,SAC,4,4,117,96,DEN
22300848,LAC,LAL,0,2,112,116,LAL
22300850,ORL,UTA,2,2,115,107,ORL
22300852,GSW,NYK,0,2,110,99,GSW
22300853,SAS,OKC,0,1,132,118,SAS
22300855,MIA,DEN,1,2,97,103,DEN
22300856,WAS,LAL,3,3,131,134,LAL
22300857,CLE,DET,2,4,110,100,CLE
22300859,BOS,DAL,0,1,138,110,BOS
22300860,GSW,TOR,3,0,120,105,GSW
22300861,MEM,POR,1,4,92,122,POR
22300862,MIN,SAC,4,1,120,124,SAC
22300863,IND,NOP,4,1,102,129,NOP
22300864,MIL,CHI,2,4,113,97,MIL
22300865,LAC,WAS,1,4,140,115,LAC
22300867,UTA,MIA,2,4,120,126,MIA
22300868,MEM,POR,3,3,100,107,POR
22300869,DEN,LAL,4,4,124,114,DEN
22300871,PHI,DAL,2,2,120,116,PHI
22300872,BOS,GSW,0,0,140,88,BOS
22300873,LAC,MIN,2,0,89,88,LAC
22300874,DET,ORL,0,1,91,113,ORL
22300876,CLE,NYK,0,0,98,107,NYK
22300877,IND,SAS,1,4,105,117,SAS
22300880,LAC,MIL,0,2,106,113,MIL
22300881,POR,MIN,0,4,114,119,MIN
22300882,WAS,UTA,3,3,115,127,UTA
22300883,SAC,CHI,4,4,109,113,CHI
22300884,OKC,LAL,2,0,104,116,LAL
22300886,CLE,BOS,0,2,105,104,CLE
22300888,MIA,DET,1,0,118,110,MIA
22300889,NYK,ATL,0,1,100,116,ATL
22300890,TOR,NOP,2,0,98,139,NOP
22300891,SAS,HOU,2,1,101,114,HOU
22300892,IND,DAL,0,2,137,120,IND
22300894,ORL,WAS,1,2,119,109,ORL
22300895,ATL,CLE,4,0,112,101,ATL
22300896,MEM,PHI,2,3,115,109,MEM
22300897,LAC,HOU,1,4,122,116,LAC
22300898,CHI,UTA,0,0,119,117,CHI
22300899,GSW,MIL,0,3,125,90,GSW
22300900,OKC,POR,1,2,128,120,OKC
22300901,SAC,LAL,4,2,130,120,SAC
22300903,IND,MIN,1,1,111,113,MIN
22300904,MIA,DAL,0,0,108,114,DAL
22300906,DEN,BOS,1,2,115,109,DEN
22300907,GSW,CHI,3,3,122,125,CHI
22300908,SAS,SAC,4,3,129,131,SAC
22300909,NOP,PHI,2,2,103,95,NOP
22300911,MIN,CLE,3,3,104,113,CLE
22300912,ORL,NYK,1,2,74,98,NYK
22300913,MEM,ATL,2,2,92,99,ATL
22300914,OKC,MIA,0,4,107,100,OKC
22300915,LAL,MIL,1,2,123,122,LAL
22300916,POR,HOU,2,4,107,123,HOU
22300917,CHI,LAC,4,0,102,112,LAC
22300919,DAL,DET,3,3,142,124,DAL
22300921,GSW,SAS,1,4,113,126,SAS
22300922,UTA,DEN,1,4,121,142,DEN
22300923,TOR,POR,3,3,118,128,POR
22300924,LAC,MIL,0,2,117,124,MIL
22300925,NOP,ATL,4,0,116,103,NOP
22300926,WAS,MIA,0,1,110,108,WAS
22300927,PHI,NYK,4,0,79,73,PHI
22300928,ORL,IND,2,1,97,111,IND
22300929,SAC,HOU,4,1,104,112,HOU
22300931,MEM,OKC,2,0,93,124,OKC
22300932,LAL,MIN,4,0,120,109,LAL
22300935,DAL,CHI,0,2,127,92,DAL
22300936,GSW,SAS,4,4,112,102,GSW
22300937,TOR,DEN,4,4,119,125,DEN
22300938,BOS,POR,4,1,121,99,BOS
22300939,NYK,PHI,0,2,106,79,NYK
22300940,MEM,WAS,4,0,109,97,MEM
22300941,IND,OKC,4,3,121,111,IND
22300942,SAS,HOU,0,2,101,103,HOU
22300943,BOS,UTA,2,2,123,107,BOS
22300944,LAC,MIN,2,2,100,118,MIN
22300945,MIL,SAC,0,0,94,129,SAC
22300946,TOR,DET,4,3,104,113,DET
22300948,CHI,IND,1,3,132,129,CHI
22300949,MIA,DEN,1,2,88,100,DEN
22300951,CLE,NOP,0,1,116,95,CLE
22300952,DAL,GSW,4,1,109,99,DAL
22300953,ATL,POR,2,1,102,106,POR
22300954,LAL,SAC,2,0,107,120,SAC
22300956,LAC,CHI,0,4,126,111,LAC
22300957,HOU,WAS,1,3,135,119,HOU
22300958,PHI,MIL,2,0,105,114,MIL
22300959,OKC,DAL,2,1,126,119,OKC
22300960,NYK,POR,1,2,105,93,NYK
22300962,MIA,DET,1,0,108,95,MIA
22300963,ORL,TOR,2,2,113,103,ORL
22300964,NOP,LAC,4,2,112,104,NOP
22300965,SAS,DEN,1,4,106,117,DEN
22300966,ATL,UTA,0,2,122,124,UTA
22300967,HOU,CLE,0,2,117,103,HOU
22300970,POR,NOP,2,4,107,126,NOP
22300971,CHI,WAS,4,4,127,98,CHI
22300972,MEM,OKC,0,2,112,118,OKC
22300973,GSW,LAL,4,4,128,121,GSW
22300974,UTA,MIN,1,0,100,119,MIN
22300975,NYK,SAC,2,0,98,91,NYK
22300977,MIA,DET,2,2,104,101,MIA
22300978,DAL,DEN,1,4,107,105,DAL
22300979,TOR,ORL,4,2,96,111,ORL
22300980,BOS,WAS,0,4,130,104,BOS
22300982,ATL,LAC,4,2,110,93,ATL
22300983,IND,CLE,0,4,103,108,CLE
22300984,DET,BOS,1,0,94,119,BOS
22300985,MIA,PHI,4,2,91,98,PHI
22300986,CHI,POR,4,1,110,107,CHI
22300987,MIN,UTA,2,4,114,104,MIN
22300988,GSW,NYK,4,2,112,119,NYK
22300989,SAC,MEM,3,3,121,111,SAC
22300990,LAL,ATL,4,0,136,105,LAL
22300992,HOU,WAS,2,2,137,114,HOU
22300994,DAL,SAS,4,0,113,107,DAL
22300995,MIN,DEN,2,1,112,115,DEN
22300996,CLE,MIA,0,2,104,107,MIA
22300997,DET,IND,1,4,103,122,IND
22300998,BOS,MIL,2,2,122,119,BOS
22300999,SAC,TOR,0,4,123,89,SAC
22301000,UTA,OKC,2,4,107,119,OKC
22301001,MEM,GSW,0,4,116,137,GSW
22301003,LAC,POR,4,2,116,103,LAC
22301004,ORL,NOP,0,1,121,106,ORL
22301005,WAS,SAC,1,2,109,102,WAS
22301006,CHI,HOU,1,2,117,127,HOU
22301008,DAL,UTA,4,4,113,97,DAL
22301009,DEN,NYK,4,4,113,100,DEN
22301011,DET,BOS,4,0,102,129,BOS
22301012,OKC,TOR,1,4,123,103,OKC
22301013,MIA,NOP,0,2,88,111,NOP
22301014,MIN,CLE,4,4,104,91,MIN
22301015,MEM,SAS,2,3,99,97,MEM
22301016,IND,GSW,4,2,123,111,IND
22301017,POR,LAC,4,2,117,125,LAC
22301018,PHI,LAL,1,2,94,101,LAL
22301020,SAC,ORL,0,4,109,107,SAC
22301022,WAS,TOR,4,4,112,109,WAS
22301023,BOS,CHI,0,4,124,113,BOS
22301024,HOU,UTA,2,2,147,119,HOU
22301026,POR,DEN,4,1,111,114,DEN
22301027,NOP,DET,2,2,114,101,NOP
22301028,PHI,LAC,0,4,121,107,PHI
22301029,CLE,MIA,4,2,84,121,MIA
22301030,MIL,OKC,4,2,118,93,MIL
22301031,MIN,GSW,0,2,114,110,MIN
22301032,LAL,IND,1,3,150,145,LAL
22301034,ATL,BOS,2,2,120,118,ATL
22301035,DET,NYK,1,0,99,124,NYK
22301037,WAS,CHI,0,4,107,105,WAS
22301038,HOU,POR,2,1,110,92,HOU
22301040,MEM,DEN,0,4,103,128,DEN
22301041,UTA,DAL,0,0,105,115,DAL
22301042,PHI,SAC,2,2,96,108,SAC
22301043,IND,LAC,1,1,133,116,IND
22301044,MIA,GSW,4,0,92,113,GSW
22301045,LAL,MIL,3,3,128,124,LAL
22301046,OKC,NOP,2,2,119,112,OKC
22301047,SAC,DAL,4,0,96,132,DAL
22301049,GSW,ORL,4,4,101,93,GSW
22301051,ATL,POR,2,4,120,106,ATL
22301052,PHI,LAC,2,4,107,108,LAC
22301053,TOR,NYK,4,0,101,145,NYK
22301054,IND,CHI,0,1,99,125,CHI
22301055,MEM,LAL,3,3,124,136,LAL
22301056,MIN,DET,0,2,106,91,MIN
22301057,OKC,HOU,3,3,126,132,HOU
22301058,UTA,SAS,3,4,111,118,SAS
22301060,ATL,BOS,2,3,123,122,ATL
22301061,MIL,NOP,2,1,100,107,NOP
22301063,LAL,IND,4,4,90,109,IND
22301064,LAC,ORL,1,1,100,97,LAC
22301065,WAS,DET,4,1,87,96,DET
22301067,CLE,PHI,0,2,117,114,CLE
22301068,MIA,POR,0,4,142,82,MIA
22301070,NYK,SAS,3,0,126,130,SAS
22301071,DEN,MIN,4,4,98,111,MIN
22301072,HOU,UTA,2,2,101,100,HOU
22301073,SAC,DAL,4,2,103,107,DAL
22301074,NOP,BOS,2,0,92,104,BOS
22301075,MEM,ORL,0,0,88,118,ORL
22301076,ATL,MIL,1,1,113,122,MIL
22301077,CLE,DEN,4,4,101,130,DEN
22301080,TOR,PHI,4,2,120,135,PHI
22301081,WAS,MIA,3,2,107,119,MIA
22301082,NYK,OKC,2,0,112,113,OKC
22301083,DAL,HOU,2,2,125,107,DAL
22301084,MIN,CHI,0,4,101,109,CHI
22301085,SAS,GSW,0,0,113,117,GSW
22301086,SAC,UTA,0,2,127,106,SAC
22301088,MEM,DET,4,1,110,108,MEM
22301090,ORL,POR,0,4,104,103,ORL
22301091,ATL,CHI,0,1,113,101,ATL
22301093,PHI,OKC,4,0,109,105,PHI
22301094,TOR,LAL,3,4,111,128,LAL
22301095,WAS,MIL,3,0,117,113,WAS
22301096,MIA,NYK,2,0,109,99,MIA
22301097,GSW,DAL,4,4,106,108,DAL
22301098,MIN,HOU,4,2,113,106,MIN
22301099,DEN,SAS,4,0,110,105,DEN
22301100,CLE,UTA,0,3,129,113,CLE
22301101,LAC,SAC,1,0,95,109,SAC
22301103,WAS,LAL,3,1,120,125,LAL
22301104,DET,ATL,1,0,113,121,ATL
22301105,BOS,OKC,0,1,135,100,BOS
22301107,MIL,MEM,0,1,101,111,MEM
22301108,TOR,MIN,3,0,85,133,MIN
22301109,ORL,NOP,2,2,117,108,ORL
22301111,PHI,MIA,0,2,109,105,PHI
22301112,SAC,NYK,0,4,109,120,NYK
22301113,HOU,GSW,2,2,110,133,GSW
22301114,LAC,DEN,1,0,102,100,LAC
22301116,IND,OKC,4,1,126,112,IND
22301117,POR,WAS,4,4,108,102,POR
22301118,BOS,SAC,0,2,101,100,BOS
22301119,CHI,NYK,4,1,108,100,CHI
22301120,MIA,HOU,2,0,119,104,MIA
22301121,MEM,DET,1,4,108,90,MEM
22301122,TOR,MIL,2,2,117,111,TOR
22301123,NOP,SAS,4,0,109,111,SAS
22301124,DAL,ATL,2,3,109,95,DAL
22301126,LAC,UTA,3,1,131,102,LAC
22301127,CLE,LAL,4,0,97,116,LAL
22301129,MEM,PHI,1,0,96,116,PHI
22301130,ATL,DEN,0,0,110,142,DEN
22301131,DAL,HOU,3,3,147,136,DAL
22301132,CLE,LAC,1,2,118,120,LAC
22301133,MIA,IND,1,4,115,117,IND
22301134,BOS,POR,0,4,124,107,BOS
22301136,CHI,ORL,1,1,98,113,ORL
22301137,TOR,WAS,3,3,130,122,TOR
22301139,MIL,NYK,0,1,109,122,NYK
22301140,PHI,SAS,3,3,133,126,PHI
22301142,GSW,UTA,4,2,118,110,GSW
22301143,MIN,LAL,3,3,127,117,MIN
22301145,DET,PHI,1,4,102,120,PHI
22301146,IND,TOR,3,1,140,123,IND
22301147,ATL,MIA,3,3,111,117,MIA
22301148,MIL,BOS,0,0,104,91,MIL
22301149,CHI,NYK,1,2,117,128,NYK
22301150,ORL,HOU,1,4,106,118,HOU
22301151,SAS,MEM,0,4,102,87,SAS
22301152,WAS,MIN,2,2,121,130,MIN
22301153,OKC,SAC,1,0,112,105,OKC
22301154,DEN,UTA,4,1,111,95,DEN
22301155,GSW,LAL,0,4,134,120,GSW
22301157,POR,NOP,0,2,100,110,NOP
22301158,CLE,MEM,0,2,110,98,CLE
22301161,DAL,MIA,0,2,111,92,DAL
22301162,MIL,ORL,2,2,117,99,MIL
22301163,OKC,SAS,3,3,127,89,OKC
22301164,MIN,DEN,2,4,107,116,DEN
22301166,DET,CHI,0,1,105,127,CHI
22301167,NYK,BOS,1,2,118,109,NYK
22301168,HOU,UTA,2,2,121,124,UTA
22301169,GSW,POR,2,4,100,92,GSW
22301170,NOP,SAC,0,2,135,123,NOP
22301171,PHI,ORL,2,1,125,113,PHI
22301172,WAS,CHI,0,3,127,129,CHI
22301174,CLE,IND,1,4,129,120,CLE
22301176,MIA,TOR,0,2,125,103,MIA
22301177,MEM,LAL,2,3,120,123,LAL
22301178,MIN,ATL,0,1,109,106,MIN
22301179,OKC,MIL,2,4,125,107,OKC
22301180,SAS,DEN,4,4,121,120,SAS
22301181,DAL,DET,1,1,89,107,DET
22301182,GSW,NOP,4,2,109,114,NOP
22301183,HOU,POR,2,1,116,107,HOU
22301184,UTA,LAC,4,2,110,109,UTA
22301186,WAS,BOS,3,1,122,132,BOS
22301188,IND,ATL,3,3,157,115,IND
22301189,TOR,MIA,3,0,103,118,MIA
22301190,CHI,NYK,1,3,119,120,NYK
22301191,ORL,MIL,2,1,113,88,ORL
22301193,MEM,DEN,1,4,111,126,DEN
22301195,NOP,LAL,0,4,108,124,LAL
22301196,OKC,DAL,4,3,135,86,OKC
22301197,SAS,DET,4,1,123,95,SAS
22301198,UTA,GSW,1,0,116,123,GSW
22301199,HOU,LAC,3,3,116,105,HOU
22301200,SAC,POR,4,2,121,82,SAC
22301201,MIL,NYK,2,1,146,122,MIL
22301202,BOS,IND,3,2,112,122,IND
22301204,SAC,NOP,0,1,117,127,NOP
22301205,CLE,ORL,4,1,121,111,CLE
22301206,DET,MEM,4,1,102,116,MEM
22301207,MIA,TOR,0,0,112,103,MIA
22301208,PHI,WAS,1,4,131,126,PHI
22301210,SAS,MIN,3,2,94,102,MIN
22301212,HOU,OKC,4,1,110,101,HOU
22301213,DAL,UTA,0,3,147,97,DAL
22301214,POR,GSW,2,1,106,110,GSW
22301215,LAC,DEN,1,4,111,102,LAC
22301217,DET,ORL,1,1,91,123,ORL
22301218,ATL,PHI,1,1,114,125,PHI
22301220,MIA,CLE,0,2,99,111,CLE
22301221,MEM,MIN,2,2,103,127,MIN
22301222,OKC,GSW,1,3,138,136,OKC
22301223,CHI,SAS,1,0,121,112,CHI
22301224,HOU,DEN,2,1,114,106,HOU
22301225,UTA,LAC,1,2,103,117,LAC
22301226,POR,DAL,3,3,112,125,DAL
22301227,NYK,BOS,2,2,123,133,BOS
22301229,IND,MIL,3,1,128,119,IND
22301230,LAL,NOP,2,4,133,89,LAL
42300101,MIA,BOS,2,0,94,114,BOS
42300102,BOS,MIA,2,0,101,111,MIA
42300103,BOS,MIA,2,4,104,84,BOS
42300104,MIA,BOS,2,2,88,102,BOS
42300105,BOS,MIA,2,4,118,84,BOS
42300111,NYK,PHI,2,2,111,104,NYK
42300112,PHI,NYK,0,1,101,104,NYK
42300113,NYK,PHI,4,2,114,125,PHI
42300114,NYK,PHI,1,4,97,92,NYK
42300115,NYK,PHI,2,0,106,112,PHI
42300116,PHI,NYK,2,4,115,118,NYK
42300121,MIL,IND,2,2,109,94,MIL
42300122,MIL,IND,2,4,108,125,IND
42300123,IND,MIL,0,1,121,118,IND
42300124,IND,MIL,0,4,126,113,IND
42300125,MIL,IND,1,0,115,92,MIL
42300126,IND,MIL,0,1,120,98,IND
42300131,ORL,CLE,2,1,83,97,CLE
42300132,ORL,CLE,2,2,86,96,CLE
42300133,CLE,ORL,0,2,83,121,ORL
42300134,ORL,CLE,1,4,112,89,ORL
42300135,ORL,CLE,2,2,103,104,CLE
42300136,CLE,ORL,1,2,96,103,ORL
42300137,CLE,ORL,1,1,106,94,CLE
42300141,OKC,NOP,2,2,94,92,OKC
42300142,OKC,NOP,2,1,124,92,OKC
42300143,OKC,NOP,0,1,106,85,OKC
42300144,NOP,OKC,4,2,89,97,OKC
42300151,LAL,DEN,2,2,103,114,DEN
42300152,DEN,LAL,4,4,101,99,DEN
42300153,DEN,LAL,4,1,112,105,DEN
42300154,LAL,DEN,1,4,119,108,LAL
42300155,DEN,LAL,0,0,108,106,DEN
42300171,DAL,LAC,2,2,97,109,LAC
42300172,DAL,LAC,2,1,96,93,DAL
42300173,LAC,DAL,2,2,90,101,DAL
42300174,LAC,DAL,1,2,116,111,LAC
42300175,LAC,DAL,2,2,93,123,DAL
42300176,DAL,LAC,2,2,114,101,DAL
42300201,BOS,CLE,2,2,120,95,BOS
42300202,BOS,CLE,2,1,94,118,CLE
42300203,CLE,BOS,2,2,93,106,BOS
42300204,BOS,CLE,2,0,109,102,BOS
42300205,CLE,BOS,4,0,98,113,BOS
42300211,IND,NYK,4,1,117,121,NYK
42300212,IND,NYK,4,1,121,130,NYK
42300213,NYK,IND,1,1,106,111,IND
42300214,NYK,IND,2,4,89,121,IND
42300215,IND,NYK,4,1,91,121,NYK
42300216,IND,NYK,4,2,116,103,IND
42300217,NYK,IND,2,4,109,130,IND
42300221,DAL,OKC,2,4,95,117,OKC
42300222,DAL,OKC,4,1,119,110,DAL
42300223,DAL,OKC,1,2,105,101,DAL
42300224,DAL,OKC,4,1,96,100,OKC
42300225,DAL,OKC,0,2,104,92,DAL
42300226,OKC,DAL,2,2,116,117,DAL
42300231,DEN,MIN,2,1,99,106,MIN
42300232,DEN,MIN,2,4,80,106,MIN
42300233,MIN,DEN,0,2,90,117,DEN
42300234,MIN,DEN,1,4,107,115,DEN
42300235,MIN,DEN,4,4,97,112,DEN
42300236,DEN,MIN,0,2,70,115,MIN
42300237,MIN,DEN,2,2,98,90,MIN
42300301,BOS,IND,3,3,133,128,BOS
42300302,BOS,IND,2,1,126,110,BOS
42300303,BOS,IND,2,4,114,111,BOS
42300304,IND,BOS,4,2,102,105,BOS
42300311,DAL,MIN,1,2,108,105,DAL
42300312,MIN,DAL,4,2,108,109,DAL
42300313,MIN,DAL,4,2,107,116,DAL
42300314,DAL,MIN,2,1,100,105,MIN
42300315,DAL,MIN,2,1,124,103,DAL
42300401,DAL,BOS,1,2,89,107,BOS
42300402,DAL,BOS,1,0,98,105,BOS
42300403,BOS,DAL,0,1,106,99,BOS
42300404,BOS,DAL,2,2,84,122,DAL
42300405,BOS,DAL,2,2,106,88,BOS
52300101,MIA,PHI,2,2,104,105,PHI
52300111,CHI,ATL,1,4,131,116,CHI
52300121,NOP,LAL,4,2,106,110,LAL
52300131,SAC,GSW,2,2,118,94,SAC
52300201,CHI,MIA,0,2,91,112,MIA
52300211,NOP,SAC,4,2,105,98,NOP
62300001,LAL,IND,1,3,123,109,LAL
